,City,Country,Lat,Lng,Max Temp,Humidity,Cloudiness,Wind Speed,Date
0,playa vicente,MX,17.8333,-95.8167,89.64,51,100,2.26,1621210423
1,kalmunai,LK,7.4167,81.8167,80.71,80,29,3.06,1621210704
2,grand river south east,MU,,,,,,,
3,rikitea,PF,-23.1203,-134.9692,75.07,59,100,9.62,1621210704
4,linxia,CN,35.6003,103.2064,52.63,42,100,1.32,1621210705
5,thompson,CA,55.7435,-97.8558,37.4,65,75,16.11,1621210514
6,punta arenas,CL,-53.15,-70.9167,44.6,87,90,16.11,1621210705
7,alice springs,AU,-23.7,133.8833,50,50,0,5.75,1621210706
8,college,US,64.8569,-147.8028,55.4,76,75,10.36,1621210492
9,albany,AU,-35.0169,117.8917,64.4,55,40,14.97,1621210706
10,saleaula,WS,,,,,,,
11,bolshiye klyuchishchi,RU,,,,,,,
12,butaritari,KI,3.0707,172.7902,83.01,78,100,13.62,1621210707
13,mahebourg,MU,-20.4081,57.7,77,73,75,13.8,1621210708
14,dhidhdhoo,MV,6.8833,73.1,84.27,74,83,18.25,1621210708
15,ushuaia,AR,-54.8,-68.3,42.8,75,20,11.5,1621210709
16,la ronge,CA,55.1001,-105.2842,55.4,38,96,5.75,1621210709
17,nikolskoye,RU,59.7035,30.7861,50,87,18,2.24,1621210710
18,saint-philippe,RE,-21.3585,55.7679,75.2,56,20,6.91,1621210710
19,yulara,AU,-25.2406,130.9889,50,57,1,12.66,1621210710
20,severo-kurilsk,RU,50.6789,156.125,38.08,95,100,18.25,1621210711
21,mar del plata,AR,-38.0023,-57.5575,55.99,82,40,4.61,1621210500
22,kermen,BG,42.5,26.25,53.6,94,40,4.25,1621210711
23,puerto ayora,EC,-0.7393,-90.3518,75.99,93,40,8.01,1621210712
24,marawi,SD,18.4833,31.8167,84.45,4,0,8.32,1621210712
25,vaini,TO,-21.2,-175.2,82.4,83,40,8.05,1621210713
26,avarua,CK,-21.2078,-159.775,80.6,69,40,8.05,1621210713
27,east london,ZA,-33.0153,27.9116,59,60,38,14.76,1621210714
28,flinders,AU,-34.5833,150.8552,63,54,5,4,1621210714
29,sur,OM,22.5667,59.5289,86.13,43,12,8.57,1621210714
30,bethel,US,41.3712,-73.414,60.01,82,1,3.02,1621210715
31,zhigansk,RU,66.7697,123.3711,47.03,77,100,4.27,1621210715
32,port alfred,ZA,-33.5906,26.891,57.45,70,12,16.64,1621210621
33,longyearbyen,SJ,78.2186,15.6401,24.8,63,20,3.44,1621210716
34,kapaa,US,22.0752,-159.319,82.4,57,20,19.57,1621210716
35,kruisfontein,ZA,-34.0033,24.7314,50,79,1,10.22,1621210717
36,cape town,ZA,-33.9258,18.4232,53.01,93,20,6.91,1621210708
37,dikson,RU,73.5069,80.5464,25.86,82,100,12.21,1621210718
38,hilo,US,19.7297,-155.09,87.8,45,40,13.8,1621210718
39,mazagao,BR,-0.115,-51.2894,78.8,100,75,2.3,1621210719
40,attawapiskat,CA,,,,,,,
41,horadiz,AZ,39.4488,47.3353,59,100,90,6.91,1621210719
42,cabo san lucas,MX,22.8909,-109.9124,87.8,30,1,3.44,1621210720
43,rundu,NA,-17.9333,19.7667,57.99,43,4,2.93,1621210720
44,sentyabrskiy,RU,,,,,,,
45,ilhabela,BR,-23.7781,-45.3581,69.84,86,30,4.92,1621210721
46,sao joao da barra,BR,-21.6403,-41.0511,71.38,75,12,8.59,1621210721
47,tuktoyaktuk,CA,69.4541,-133.0374,35.6,75,20,13.8,1621210721
48,namibe,AO,-15.1961,12.1522,73.47,59,0,5.66,1621210722
49,sao filipe,CV,14.8961,-24.4956,75.2,63,65,5.82,1621210722
50,taolanaro,MG,,,,,,,
51,hithadhoo,MV,-0.6,73.0833,84.29,71,77,11.21,1621210723
52,ranong,TH,9.9658,98.6348,78.8,100,20,1.54,1621210723
53,mandalgovi,MN,45.7625,106.2708,57.6,27,0,10.51,1621210724
54,busselton,AU,-33.65,115.3333,64.99,61,100,1.99,1621210724
55,nakambala,ZM,-15.8324,27.7799,59.88,46,9,2.82,1621210725
56,carnarvon,AU,-24.8667,113.6333,68,88,100,5.75,1621210785
57,victoria,SC,-4.6167,55.45,80.6,83,40,4.61,1621210785
58,hermanus,ZA,-34.4187,19.2345,46.99,95,15,5.91,1621210786
59,mirnyy,RU,62.5353,113.9611,25.32,53,98,13.09,1621210786
60,alotau,PG,,,,,,,
61,syracuse,IT,37.0881,15.2792,64,71,0,6.91,1621210651
62,amga,RU,60.8953,131.9608,44.92,53,100,11.12,1621210787
63,harper,LR,4.375,-7.7169,79.66,83,97,7.49,1621210788
64,nizhneyansk,RU,,,,,,,
65,tasiilaq,GL,65.6145,-37.6368,32,55,9,2.68,1621210788
66,leningradskiy,RU,69.3833,178.4167,31.75,90,91,11.48,1621210789
67,alofi,NU,-19.0595,-169.9187,82.4,78,4,13.8,1621210789
68,port-gentil,GA,-0.7193,8.7815,77,100,40,5.75,1621210789
69,porto novo,CV,17.0197,-25.0647,71.6,78,40,11.5,1621210790
70,tura,RU,64.2833,100.25,24.28,50,10,6.15,1621210790
71,damaturu,NG,11.747,11.9608,88.65,41,31,13.15,1621210791
72,mitsamiouli,KM,-11.3847,43.2844,79.95,73,13,3.36,1621210791
73,katsuura,JP,35.1333,140.3,73.4,88,75,17.27,1621210792
74,nanortalik,GL,60.1432,-45.2371,36.3,79,100,5.03,1621210792
75,kaitangata,NZ,-46.2817,169.8464,55,48,43,5.26,1621210792
76,phuket,TH,8,98.25,86,100,20,1.14,1621210793
77,sisimiut,GL,66.9395,-53.6735,34.45,80,31,3.18,1621210793
78,barentsburg,SJ,,,,,,,
79,concepcion del oro,MX,24.6333,-101.4167,77.43,21,71,12.93,1621210794
80,bredasdorp,ZA,-34.5322,20.0403,53.6,82,8,3.44,1621210794
81,kupang,ID,-10.1667,123.5833,82.4,69,20,12.66,1621210795
82,poso,ID,-1.3959,120.7524,82.67,75,71,3.27,1621210795
83,kirovsk,RU,67.6148,33.6727,42.01,100,100,3.13,1621210796
84,cherskiy,RU,68.75,161.3,41.05,63,75,11.63,1621210796
85,carutapera,BR,-1.195,-46.02,75.24,94,39,5.21,1621210796
86,chimbote,PE,-9.0853,-78.5783,64.56,88,71,6.62,1621210797
87,iqaluit,CA,63.7506,-68.5145,26.01,80,20,13.8,1621210797
88,sola,VU,-13.8833,167.55,87.8,70,75,5.75,1621210798
89,upernavik,GL,72.7868,-56.1549,30.96,90,100,7.34,1621210798
90,zhezkazgan,KZ,47.8043,67.7144,62.76,59,44,8.59,1621210798
91,bolungarvik,IS,,,,,,,
92,menongue,AO,-14.6585,17.691,56.37,56,1,2.71,1621210799
93,ilulissat,GL,69.2167,-51.1,33.8,80,40,4.61,1621210800
94,tres lagoas,BR,-20.7511,-51.6783,73.09,45,62,6.53,1621210800
95,pangnirtung,CA,66.1451,-65.7125,28.42,96,100,2.55,1621210800
96,khormuj,IR,,,,,,,
97,makhinjauri,GE,41.6739,41.694,53.6,76,0,8.05,1621210801
98,qeshm,IR,26.9581,56.2719,84.2,74,0,6.91,1621210509
99,bobrovytsya,UA,50.75,31.3833,62.01,72,0,4.47,1621210804
100,sukumo,JP,32.9333,132.7333,73.17,96,99,10.42,1621210805
101,khatanga,RU,71.9667,102.5,15.8,94,97,6.38,1621210805
102,belushya guba,RU,,,,,,,
103,tsihombe,MG,,,,,,,
104,lompoc,US,34.6391,-120.4579,61,67,11,11.5,1621210806
105,amderma,RU,,,,,,,
106,arraial do cabo,BR,-22.9661,-42.0278,71.67,76,0,14.9,1621210807
107,sandnessjoen,NO,66.0217,12.6316,53.6,62,40,13.8,1621210807
108,shillong,IN,25.5689,91.8831,69.8,94,90,3.44,1621210807
109,braslav,BY,,,,,,,
110,kodiak,US,57.79,-152.4072,48.2,66,90,5.75,1621210808
111,necochea,AR,-38.5473,-58.7368,52.9,77,38,7.38,1621210808
112,bogorodskoye,RU,56.55,37.8833,53.15,90,12,2.77,1621210809
113,togur,RU,58.3631,82.8265,45.77,91,100,2.8,1621210809
114,jamestown,SH,-15.9387,-5.7168,68.99,66,69,12.64,1621210810
115,pangody,RU,65.85,74.4859,37.47,55,84,10.11,1621210870
116,pangoa,PE,-12.1167,-73,71.24,89,81,1.74,1621210870
117,lagoa,PT,39.05,-27.9833,61.95,91,100,11.1,1621210871
118,provost,CA,52.3501,-110.2683,77,22,95,4.61,1621210871
119,mataura,PF,,,,,,,
120,broken hill,AU,-31.95,141.4333,51.8,71,90,7.85,1621210872
121,luderitz,NA,-26.6481,15.1594,60.69,74,22,10.11,1621210872
122,san quintin,MX,30.4833,-115.95,62.47,66,0,17.56,1621210873
123,kahului,US,20.8947,-156.47,82.4,47,40,23.02,1621210873
124,kuytun,CN,,,,,,,
125,wattegama,LK,6.7989,81.4808,76.23,88,66,2.1,1621210874
126,venado tuerto,AR,-33.7456,-61.9688,55,99,18,3,1621210874
127,sechura,PE,-5.5569,-80.8222,72.95,68,65,14.14,1621210875
128,nyurba,RU,63.2842,118.3319,31.89,44,100,9.82,1621210875
129,atuona,PF,-9.8,-139.0333,79.39,67,9,14.16,1621210720
130,jalu,LY,29.0331,21.5482,67.57,54,4,12.77,1621210876
131,ucluelet,CA,48.9329,-125.5528,55.4,82,20,14.97,1621210876
132,okha,RU,53.5739,142.9478,34.81,82,100,18.7,1621210877
133,nuqui,CO,5.7125,-77.2708,77.88,86,100,0.31,1621210877
134,lorengau,PG,-2.0226,147.2712,86.05,70,100,12.01,1621210878
135,new norfolk,AU,-42.7826,147.0587,52,73,73,3,1621210878
136,sobolevo,RU,54.4299,31.8996,52.57,91,89,6.22,1621210878
137,katherine,AU,-14.4667,132.2667,73.4,28,0,12.66,1621210879
138,bluff,NZ,-46.6,168.3333,48.72,76,90,16.87,1621210879
139,emerald,AU,-23.5333,148.1667,63,29,0,17.27,1621210880
140,pierre,US,44.3683,-100.351,69.8,49,20,16.11,1621210880
141,coihaique,CL,-45.5752,-72.0662,37.4,100,0,3.44,1621210881
142,samarai,PG,-10.6167,150.6667,83.08,79,58,9.42,1621210881
143,beringovskiy,RU,63.05,179.3167,32.68,92,100,2.21,1621210881
144,tautira,PF,-17.7333,-149.15,84.2,61,75,4.61,1621210882
145,vaitupu,WF,,,,,,,
146,nome,US,64.5011,-165.4064,43,75,1,10.36,1621210882
147,santa vitoria do palmar,BR,-33.5189,-53.3681,55.29,66,100,1.92,1621210883
148,ulaangom,MN,49.9811,92.0667,62.71,31,73,2.68,1621210883
149,atambua,ID,-9.1061,124.8925,76.71,65,56,5.01,1621210884
150,zaraza,VE,9.3503,-65.3245,82.13,55,56,7.85,1621210884
151,mount gambier,AU,-37.8333,140.7667,55.4,88,40,8.05,1621210885
152,springbok,ZA,-29.6643,17.8865,46.85,89,1,3.38,1621210885
153,dvinskoy,RU,62.1535,45.1175,54.72,95,84,6.58,1621210869
154,riyadh,SA,24.6877,46.7219,87.8,15,0,7.2,1621210749
155,airai,PW,,,,,,,
156,bubaque,GW,11.2833,-15.8333,78.06,79,88,5.08,1621210886
157,lazaro cardenas,MX,17.9583,-102.2,84.83,64,1,10.98,1621210887
158,kahuta,PK,33.5913,73.3868,73,51,33,1.01,1621210887
159,gat,LY,,,,,,,
160,kimbe,PG,-5.5502,150.1429,88.65,61,94,3.2,1621210877
161,umzimvubu,ZA,,,,,,,
162,borama,SO,,,,,,,
163,port blair,IN,11.6667,92.75,83.57,76,57,3.04,1621210888
164,komsomolskiy,RU,43.9783,46.6985,69.21,39,1,20.8,1621210889
165,illoqqortoormiut,GL,,,,,,,
166,safaga,EG,26.7292,33.9365,80.6,14,0,2.28,1621210889
167,kavaratti,IN,10.5669,72.642,83.52,77,100,19.39,1621210890
168,castro,CL,-42.4721,-73.7732,46.99,93,0,1.14,1621210890
169,marsa matruh,EG,31.3525,27.2453,68,77,40,17.27,1621210891
170,raudeberg,NO,61.9875,5.1352,44.01,89,100,10.83,1621210891
171,vestmannaeyjar,IS,63.4427,-20.2734,39.88,71,100,2.93,1621210891
172,gaoual,GN,11.75,-13.2,82.6,60,100,3.13,1621210892
173,ostersund,SE,63.1792,14.6357,45,100,75,6.91,1621210952
174,salekhard,RU,66.53,66.6019,29.91,71,99,12.73,1621210953
175,constitucion,MX,23.9912,-104.6749,86,6,20,8.05,1621210953
176,grimari,CF,,,,,,,
177,hasaki,JP,35.7333,140.8333,75.2,88,75,19.57,1621210954
178,vila franca do campo,PT,37.7167,-25.4333,64.4,100,75,9.22,1621210954
179,geraldton,AU,-28.7667,114.6,66.2,52,26,10.36,1621210955
180,ishigaki,JP,24.3448,124.1572,84.2,89,20,16.11,1621210955
181,norman wells,CA,65.282,-126.8329,50,46,75,6.91,1621210955
182,scalloway,GB,,,,,,,
183,saldanha,ZA,-33.0117,17.9442,46.4,87,4,4.92,1621210956
184,moctezuma,MX,29.8,-109.6667,88.7,10,0,20.87,1621210957
185,huallanca,PE,-9.8993,-76.9417,44.04,87,78,1.16,1621210957
186,mys shmidta,RU,,,,,,,
187,te anau,NZ,-45.4167,167.7167,43.05,95,83,6.38,1621210958
188,amparai,LK,,,,,,,
189,shimoda,JP,34.6667,138.95,72,100,75,24.16,1621210958
190,gawler,AU,-34.6,138.7333,60.01,58,73,3,1621210959
191,bathsheba,BB,13.2167,-59.5167,80.6,65,40,18.41,1621210959
192,berbera,SO,10.4396,45.0143,89.56,42,15,1.92,1621210960
193,qaqortoq,GL,60.7167,-46.0333,44.6,45,86,9.22,1621210960
194,talnakh,RU,69.4865,88.3972,19.22,94,100,4.47,1621210960
195,mae hong son,TH,19.3003,97.9685,78.8,83,20,0.69,1621210961
196,nushki,PK,29.5542,66.0215,74.05,22,3,1.92,1621210881
197,tilichiki,RU,60.4667,166.1,32.92,88,100,8.12,1621210961
198,mackay,AU,-21.15,149.2,71.6,56,90,12.66,1621210962
199,boiro,ES,42.65,-8.9,51.01,93,58,1.59,1621210962
200,barrow,US,71.2906,-156.7887,26.6,80,90,13.8,1621210963
201,mahajanga,MG,-15.7167,46.3167,69.8,78,20,4.61,1621210963
202,morelia,CO,1.4875,-75.7258,73.29,97,67,1.63,1621210964
203,ulladulla,AU,-35.35,150.4667,59,47,20,14.97,1621210964
204,kununurra,AU,-15.7667,128.7333,75.2,29,1,16.11,1621210964
205,bafoulabe,ML,13.8065,-10.8321,99.39,22,89,3.11,1621210965
206,ambilobe,MG,-13.2,49.05,68.36,85,5,3.56,1621210965
207,quatre cocos,MU,-20.2078,57.7625,77,73,75,13.8,1621210966
208,paamiut,GL,61.994,-49.6678,37.18,87,47,10.49,1621210966
209,kamenskoye,RU,,,,,,,
210,opobo,NG,,,,,,,
211,shache,CN,38.4167,77.2406,58.08,46,77,2.8,1621210967
212,tiznit,MA,29.5833,-9.5,70.02,53,0,0.85,1621210967
213,prince rupert,CA,54.3161,-130.3201,50,71,1,6.91,1621210857
214,loreto,MX,22.2667,-101.9667,79.77,17,7,4.99,1621210968
215,dakar,SN,14.6937,-17.4441,69.8,94,40,4.61,1621210804
216,galiwinku,AU,,,,,,,
217,souillac,MU,-20.5167,57.5167,77,73,75,13.8,1621210969
218,saskylakh,RU,71.9167,114.0833,20.61,94,100,16.98,1621210969
219,yellowknife,CA,62.456,-114.3525,39.99,60,75,5.75,1621210970
220,chokurdakh,RU,70.6333,147.9167,31.62,86,76,12.71,1621210970
221,montlucon,FR,46.3333,2.6,48.99,88,24,1.99,1621210970
222,narsaq,GL,60.9167,-46.05,44.6,45,86,9.22,1621210971
223,qaanaaq,GL,77.484,-69.3632,30.22,95,99,6.67,1621210971
224,georgetown,SH,-7.9333,-14.4167,78.94,68,51,18.05,1621210972
225,port elizabeth,ZA,-33.918,25.5701,55.4,62,0,10.36,1621210782
226,soyo,AO,-6.1349,12.3689,79.12,87,37,7.72,1621210972
227,mount isa,AU,-20.7333,139.5,66.2,22,0,13.8,1621210973
228,santiago del estero,AR,-27.7951,-64.2615,69.53,67,26,4.09,1621210973
229,tessalit,ML,20.1986,1.0114,95.59,14,71,10.11,1621210974
230,porto empedocle,IT,37.2934,13.5264,59,50,0,1.01,1621211034
231,san patricio,MX,19.2167,-104.7,86,74,1,23.02,1621211034
232,sambava,MG,-14.2667,50.1667,72.66,77,6,9.71,1621211035
233,cidreira,BR,-30.1811,-50.2056,63.18,86,86,5.46,1621211035
234,bonfim,BR,3.0833,-59.95,74.23,92,83,1.28,1621211036
235,hobart,AU,-42.8794,147.3294,53.01,50,40,6.91,1621210826
236,beira,MZ,-19.8436,34.8389,71.6,94,20,6.69,1621211036
237,jiangyou,CN,31.7667,104.7167,65.28,68,100,4.16,1621211037
238,linhares,BR,-19.3911,-40.0722,66.07,86,51,1.63,1621210784
239,havelock,US,34.8791,-76.9013,68,67,27,5.06,1621211037
240,khani,RU,,,,,,,
241,ponta do sol,CV,17.1994,-25.0919,71.6,78,40,11.5,1621211038
242,walvis bay,NA,-22.9575,14.5053,55.4,82,67,5.75,1621211038
243,hofn,IS,64.2539,-15.2082,38.95,63,100,16.08,1621211039
244,zaysan,KZ,47.4667,84.8667,59.72,50,1,10.51,1621211039
245,nara,ML,15.1713,-7.2889,92.62,24,77,2.1,1621211040
246,borujerd,IR,33.8973,48.7516,56.66,62,19,2.35,1621211040
247,oistins,BB,13.0667,-59.5333,80.6,65,40,18.41,1621211040
248,bandarbeyla,SO,9.4942,50.8122,86.14,66,71,17.9,1621211041
249,shieli,KZ,44.1667,66.75,67.64,26,0,11.1,1621211041
250,zhuanghe,CN,39.7008,122.9911,67.48,34,99,7.34,1621211042
251,prainha,BR,-1.8,-53.48,74.68,94,71,3.2,1621211042
252,coos bay,US,43.3665,-124.2179,55,87,90,17.27,1621211043
253,xining,CN,36.6167,101.7667,45.25,70,76,1.77,1621211043
254,bilibino,RU,68.0546,166.4372,32.85,89,85,3.09,1621211043
255,lebu,CL,-37.6167,-73.65,53.94,76,100,6.46,1621211044
256,mananara,MG,-16.1667,49.7667,73.63,75,73,4.54,1621211044
257,birjand,IR,32.8663,59.2211,60.8,17,0,9.22,1621211045
258,mendahara,ID,,,,,,,
259,tuatapere,NZ,-46.1333,167.6833,47.52,84,90,8.05,1621211045
260,waipawa,NZ,-41.4122,175.5153,59,88,75,5.75,1621211046
261,tiksi,RU,71.6872,128.8694,25.84,95,100,5.93,1621211046
262,tumannyy,RU,,,,,,,
263,naze,JP,28.3667,129.4833,78.8,89,75,13.8,1621211047
264,karaul,RU,,,,,,,
265,saint george,BM,32.3817,-64.6781,66.2,68,40,16.11,1621211047
266,grasse,FR,43.6667,6.9167,60.8,77,0,17.27,1621211048
267,barbosa ferraz,BR,-24.03,-52.0117,69.8,64,0,8.05,1621211048
268,thinadhoo,MV,0.5333,72.9333,83.98,74,69,11.21,1621211049
269,carlsbad,US,33.1581,-117.3506,64.99,67,90,10.36,1621211049
270,katobu,ID,-4.9408,122.5276,80.91,79,80,5.68,1621211050
271,northam,AU,-31.6667,116.6667,70,40,0,9.22,1621211050
272,pacific grove,US,36.6177,-121.9166,57,89,58,9.51,1621211050
273,tabarqah,TN,,,,,,,
274,vostok,RU,46.4856,135.8833,61.68,43,54,5.06,1621211051
275,nouadhibou,MR,20.931,-17.0347,66.2,88,100,13.8,1621211051
276,henties bay,NA,-22.116,14.2845,61.47,87,91,8.32,1621211052
277,viedma,AR,-40.8135,-62.9967,49.98,79,0,6.02,1621211052
278,saint anthony,CA,,,,,,,
279,sitka,US,57.0531,-135.33,46.4,71,75,10.36,1621211053
280,jiayuguan,CN,39.8167,98.3,60.67,25,86,2.68,1621211052
281,hihifo,TO,,,,,,,
282,ibotirama,BR,-12.1853,-43.2206,73.99,41,100,3.49,1621211054
283,saint-pierre,PM,46.7654,-56.1695,41.4,80,22,9.84,1621210771
284,belmonte,BR,-15.8631,-38.8828,71.6,78,20,3.44,1621211054
285,gainesville,US,29.6516,-82.3248,73.99,56,1,9.22,1621211001
286,sabha,LY,27.0377,14.4283,77.38,16,44,10.38,1621211055
287,saint augustine,US,29.8947,-81.3145,71.6,73,1,12.66,1621210971
288,samusu,WS,,,,,,,
289,bud,NO,62.9088,6.9145,48.2,93,75,14.14,1621211116
290,sibu,MY,2.3,111.8167,78.8,89,20,4.61,1621210825
291,shinpokh,PK,34.3292,71.1782,69.8,60,20,6.91,1621211117
292,lujan,AR,-34.5703,-59.105,48.99,95,66,0.96,1621211117
293,flin flon,CA,54.7682,-101.865,53.6,40,75,10.36,1621211117
294,umba,RU,66.6871,34.3429,42.1,83,100,3.6,1621211118
295,port lincoln,AU,-34.7333,135.8667,59.54,57,100,2.66,1621211118
296,pemberton,CA,50.3164,-122.8027,71.6,35,40,3.44,1621211119
297,winchester,US,36.13,-115.1189,81,42,75,16.11,1621211119
298,aklavik,CA,68.2191,-135.0107,51.8,40,100,5.75,1621211119
299,tevaitoa,PF,-16.7833,-151.5,80.76,72,55,13.29,1621211120
300,maputo,MZ,-25.9653,32.5892,69.01,88,20,11.5,1621211062
301,marcona,PE,,,,,,,
302,todos santos,MX,23.45,-110.2167,68,78,17,8.01,1621211121
303,wegorzewo,PL,54.2157,21.7372,50.32,97,100,7.61,1621211121
304,turukhansk,RU,65.8167,87.9833,25.23,73,16,5.19,1621211122
305,ostrovnoy,RU,68.0531,39.5131,34.68,82,100,5.03,1621210868
306,shaunavon,CA,49.6501,-108.4181,73.4,20,50,11.5,1621211122
307,biak,ID,-0.9131,122.8766,76.14,90,100,8.55,1621211123
308,arman,RU,59.7,150.1667,38.05,78,100,20.92,1621211123
309,havoysund,NO,70.9963,24.6622,35.6,100,75,9.22,1621211123
310,upata,VE,8.0086,-62.3989,75.61,68,96,5.3,1621211124
311,nioro,ML,,,,,,,
312,nemuro,JP,43.3236,145.575,53.6,100,75,5.75,1621211124
313,oranjemund,NA,-28.55,16.4333,56.98,91,0,5.39,1621211125
314,barbar,SD,,,,,,,
315,camacupa,AO,-12.0167,17.4833,57.13,64,74,3.06,1621211126
316,farah,AF,32.5,62.5,68.54,20,0,2.8,1621211119
317,mariakani,KE,-3.8633,39.4736,77,88,40,9.22,1621211126
318,harrisburg,US,40.2737,-76.8844,57.99,82,90,6.91,1621211127
319,samatau,WS,,,,,,,
320,toora-khem,RU,52.4675,96.11,47.71,96,100,2.48,1621211127
321,okhotsk,RU,59.3833,143.3,40.6,61,100,12.48,1621211128
322,berlevag,NO,70.8578,29.0864,35.46,98,100,20.92,1621211128
323,maniitsoq,GL,65.4167,-52.9,35.26,80,16,12.12,1621211129
324,narasapur,IN,16.45,81.6667,82.98,81,68,6.22,1621211129
325,chuy,UY,-33.6971,-53.4616,54.1,69,100,1.95,1621211129
326,kavieng,PG,-2.5744,150.7967,83.57,78,100,16.8,1621211130
327,la ferte-bernard,FR,48.1863,0.6536,53.6,82,90,10.36,1621211130
328,visby,SE,57.6409,18.296,50,93,90,9.22,1621211131
329,nantucket,US,41.2835,-70.0995,55.99,76,1,3.44,1621210966
330,louisbourg,CA,,,,,,,
331,plattsburgh,US,44.6995,-73.4529,64.4,48,1,2.66,1621211131
332,faanui,PF,-16.4833,-151.75,81.16,72,54,13.78,1621211132
333,ahipara,NZ,-35.1667,173.1667,64.99,73,26,14.09,1621211132
334,yomitan,JP,,,,,,,
335,provideniya,RU,64.3833,-173.3,35.6,75,20,6.71,1621211133
336,hirara,JP,24.8,125.2833,86,79,20,17.27,1621211133
337,puerto madryn,AR,-42.7692,-65.0385,51.24,73,1,8.3,1621210860
338,gushikawa,JP,26.3544,127.8686,84.2,79,75,12.66,1621211134
339,olafsvik,IS,64.8945,-23.7142,37.09,67,100,20.24,1621211134
340,sioux lookout,CA,50.1001,-91.917,60.8,67,90,9.22,1621211135
341,nieuw amsterdam,SR,5.8833,-55.0833,77,94,40,2.3,1621211135
342,oussouye,SN,12.485,-16.5469,78.8,88,0,6.91,1621211136
343,coquimbo,CL,-29.9533,-71.3436,55.4,94,90,4.61,1621210996
344,alekseyevsk,RU,57.8406,108.3492,36.61,40,66,5.5,1621211196
345,cascais,PT,38.6979,-9.4215,60.01,81,49,14.03,1621211197
346,baicheng,CN,45.6167,122.8167,72.5,22,0,7.49,1621211197
347,roald,NO,62.5833,6.1333,46.4,93,90,3.44,1621211198
348,saint-leu,RE,-21.15,55.2833,75.2,56,20,6.91,1621211198
349,aurangabad,IN,19.8833,75.3333,77,78,40,9.22,1621211198
350,sakaiminato,JP,35.55,133.2333,64.4,100,75,5.75,1621211102
351,salalah,OM,17.0151,54.0924,82.4,74,0,3.44,1621211199
352,iracoubo,GF,5.4802,-53.2011,76.96,90,100,8.75,1621211200
353,kieta,PG,-6.2167,155.6333,85.15,69,100,6.58,1621211200
354,san ignacio,BO,,,,,,,
355,trairi,BR,-3.2778,-39.2689,75.96,81,32,5.66,1621210927
356,hastings,NZ,-39.6381,176.8492,62.01,82,95,7,1621211201
357,kassala,SD,15.451,36.4,89.28,10,45,3.53,1621211201
358,namatanai,PG,-3.6667,152.4333,85.68,66,99,11.18,1621211202
359,saint-augustin,CA,51.226,-58.6502,41.65,66,62,6.24,1621211202
360,bulgan,MN,48.8125,103.5347,58.32,38,26,11.36,1621211203
361,udachnyy,RU,66.4167,112.4,18.09,87,100,18.3,1621211203
362,sterling,US,39.0062,-77.4286,59,77,90,3.44,1621211112
363,bhadasar,IN,28.2833,74.3167,86.81,34,68,7.99,1621211204
364,pisco,PE,-13.7,-76.2167,63,94,90,1.14,1621211204
365,clyde river,CA,70.4692,-68.5914,12.2,85,20,2.3,1621211205
366,caravelas,BR,-17.7125,-39.2481,71.78,77,93,5.75,1621211205
367,oudewater,NL,52.025,4.8681,51.01,95,86,1.01,1621211206
368,rayagada,IN,19.1667,83.4167,77.88,95,26,2.13,1621211206
369,nautla,MX,20.2167,-96.7833,81.55,78,94,12.62,1621211207
370,pachperwa,IN,27.5167,82.65,84.24,29,63,4.88,1621211207
371,novobirilyussy,RU,56.9514,90.6661,41.25,61,74,2.93,1621211208
372,torbay,CA,47.6666,-52.7314,37,100,90,8.05,1621211208
373,vanimo,PG,-2.6741,141.3028,84.56,71,94,5.21,1621211209
374,palabuhanratu,ID,,,,,,,
375,kraslava,LV,55.8951,27.168,54,89,91,8.28,1621211209
376,morlaix,FR,48.5833,-4,51.8,87,90,20.71,1621211210
377,zhucheng,CN,35.9947,119.3975,64.08,50,84,11.86,1621211210
378,boa vista,BR,2.8197,-60.6733,78.8,83,75,2.3,1621211108
379,zeya,RU,53.75,127.2667,54.18,43,81,8.79,1621211211
380,bambous virieux,MU,-20.3428,57.7575,77,73,75,13.8,1621211211
381,dunedin,NZ,-45.8742,170.5036,57,32,17,8.99,1621211212
382,rawson,AR,-43.3002,-65.1023,51.44,68,16,9.17,1621211212
383,eyl,SO,7.9803,49.8164,81.54,81,94,13.58,1621211212
384,mocambique,MZ,,,,,,,
385,tera,NE,14.0078,0.7531,96.15,16,54,6.26,1621211213
386,petropavlovsk-kamchatskiy,RU,53.0452,158.6483,37.4,93,75,13.42,1621211213
387,weihe,CN,32.9952,105.3247,58.12,60,100,2.42,1621211214
388,ribeira grande,PT,38.5167,-28.7,63.97,92,100,12.97,1621211214
389,jizan,SA,17.3333,42.6667,87.8,74,0,4.61,1621211215
390,aguimes,ES,27.9054,-15.4461,70,73,20,28.77,1621211215
391,fairbanks,US,64.8378,-147.7164,55.4,50,90,11.5,1621211200
392,demba,CD,-5.51,22.2667,70.34,78,91,1.7,1621211216
393,rovaniemi,FI,66.5,25.7167,44.6,93,75,6.91,1621211216
394,panaba,MX,21.2833,-88.2667,82.89,61,80,12.48,1621211217
395,ruatoria,NZ,,,,,,,
396,seybaplaya,MX,19.65,-90.6667,86,74,40,11.5,1621211217
397,cascas,PE,-7.4833,-78.8167,64.36,87,59,1.52,1621211218
398,general roca,AR,-39.0333,-67.5833,44.6,100,0,6.44,1621211278
399,meulaboh,ID,4.1363,96.1285,78.33,87,100,5.59,1621211278
400,grindavik,IS,63.8424,-22.4338,39.2,56,90,12.66,1621211279
401,sumbal,IN,34.2333,74.6333,55.53,79,96,2.15,1621211279
402,kiskunmajsa,HU,46.4903,19.74,54,93,40,4.61,1621211280
403,znamenskoye,RU,57.1281,73.8282,56.26,86,69,2.06,1621211280
404,kargasok,RU,59.0556,80.8572,45.64,89,100,2.91,1621211281
405,pemangkat,ID,1.1667,108.9667,79.25,87,99,4.25,1621211189
406,praia da vitoria,PT,38.7333,-27.0667,64.99,82,40,5.91,1621211281
407,pavlodar,KZ,52.3,76.95,60.8,67,0,4.47,1621211282
408,dehui,CN,44.5333,125.7,68,30,0,13.42,1621211282
409,ilave,PE,-16.0833,-69.6667,40.96,64,4,3.38,1621210997
410,imbituba,BR,-28.24,-48.6703,68,88,40,5.75,1621211283
411,poum,NC,-20.2333,164.0167,77.54,71,81,10.47,1621211283
412,touros,BR,-5.1989,-35.4608,75.2,94,0,4.61,1621211284
413,petatlan,MX,17.5167,-101.2667,89.6,62,1,6.33,1621211284
414,evensk,RU,61.95,159.2333,35.08,81,100,12.93,1621211284
415,kenai,US,60.5544,-151.2583,50,61,40,10.36,1621211268
416,richards bay,ZA,-28.783,32.0377,65.55,86,66,8.3,1621211285
417,beloha,MG,-25.1667,45.05,68.58,62,45,4.27,1621211286
418,ancud,CL,-41.8697,-73.8203,46.99,93,0,1.14,1621211286
419,west bay,KY,19.3667,-81.4167,82.4,89,40,4.61,1621211286
420,cortez,US,37.3489,-108.5859,78.8,9,1,6.91,1621211287
421,buraydah,SA,26.326,43.975,86,20,0,10.36,1621211287
422,miyako,JP,39.6367,141.9525,64.35,97,100,11.43,1621211288
423,dali,CN,25.7,100.1833,61.63,71,5,4,1621211288
424,cabedelo,BR,-6.9811,-34.8339,75.2,88,0,4.61,1621211289
425,taburi,PH,,,,,,,
426,miles city,US,46.4083,-105.8406,77,22,1,4.61,1621211289
427,korla,CN,41.7597,86.1469,61.79,39,58,4.88,1621211290
428,puerto baquerizo moreno,EC,-0.9,-89.6,74.91,84,12,9.64,1621211290
429,cihuatlan,MX,19.2366,-104.5651,86,74,1,23.02,1621211291
430,newberry,US,34.2746,-81.6187,71.01,73,95,5.57,1621211291
431,tadine,NC,-21.55,167.8833,76.46,68,67,9.84,1621211291
432,blagoveshchensk,RU,50.2667,127.5333,64.4,32,0,13.42,1621211292
433,north las vegas,US,36.1989,-115.1175,81,21,20,11.5,1621211292
434,kutum,SD,14.2,24.6667,74.62,6,66,6.55,1621211293
435,winslow,US,35.0242,-110.6974,78.8,8,1,25.32,1621211240
436,conde,BR,-7.2597,-34.9075,75.2,88,0,4.61,1621211293
437,hambantota,LK,6.1241,81.1185,77,100,20,3.44,1621211294
438,ust-maya,RU,60.4167,134.5333,46.44,51,100,12.12,1621211294
439,kinablangan,PH,7.6947,126.5503,82.26,79,76,5.5,1621211294
440,hanzhong,CN,33.0728,107.0303,60.93,72,100,1.83,1621211295
441,werda,BW,-25.2667,23.2833,54.23,55,20,7.63,1621211295
442,banda aceh,ID,5.5577,95.3222,81.37,79,99,6.53,1621211104
443,alugan,PH,12.2188,125.4808,82.02,86,100,10.42,1621211296
444,manokwari,ID,-0.8667,134.0833,78.87,84,100,2.77,1621211296
445,diamantino,BR,-14.4086,-56.4461,78.15,51,96,4.41,1621211297
446,esso,RU,55.9333,158.7,36.57,92,100,7.52,1621211297
447,shahrud,IR,36.4182,54.9763,64.18,47,24,1.99,1621211298
448,letka,RU,59.6011,49.4232,56.3,88,1,6.85,1621211298
449,juneau,US,58.3019,-134.4197,46.4,71,75,4.61,1621211176
450,varhaug,NO,58.6147,5.6457,46,39,98,8.66,1621211359
451,roma,AU,-26.5833,148.7833,55.81,34,3,11.36,1621211359
452,rabo de peixe,PT,37.8,-25.5833,64.4,100,75,9.22,1621211359
453,ryotsu,JP,38.0833,138.4333,66.2,100,75,17.27,1621211360
454,nouakchott,MR,18.0858,-15.9785,69.8,83,73,16.11,1621211328
455,the valley,AI,18.217,-63.0578,81,78,20,6.91,1621211361
456,wamba,CD,2.1484,27.9947,67.8,88,95,1.34,1621211361
457,klaksvik,FO,62.2266,-6.589,46.4,87,90,11.5,1621211361
458,adrar,DZ,25.75,-1,96.94,9,89,8.08,1621211362
459,labuhan,ID,-6.8844,112.2051,78.19,81,71,5.28,1621211362
460,tongchuan,CN,35.0806,109.0897,56.44,62,100,1.66,1621211363
461,pevek,RU,69.7008,170.3133,29.71,87,80,1.59,1621211363
462,rio grande,BR,-32.035,-52.0986,51.01,92,100,4.18,1621211363
463,khartoum,SD,15.5518,32.5324,84,19,10,6.26,1621211364
464,kearney,US,40.6995,-99.0815,68,82,90,13.8,1621211358
465,petlawad,IN,23,74.8,82.72,59,100,8.68,1621211364
466,providencia,MX,28.7167,-111.5833,88,27,0,8.99,1621211365
467,vardo,NO,70.3705,31.1107,36.43,96,100,19.48,1621211365
468,pringsewu,ID,-5.3582,104.9744,75.65,95,99,1.54,1621211366
469,charters towers,AU,-20.1,146.2667,66.24,39,0,8.5,1621211366
470,waitati,NZ,-45.75,170.5667,57,32,13,8.99,1621211367
471,pochutla,MX,15.7432,-96.4661,86,66,75,6.91,1621211367
472,neuquen,AR,-38.9516,-68.0591,44.6,100,0,6.78,1621211337
473,since,CO,9.2439,-75.1468,78.31,85,98,11.77,1621211368
474,ossora,RU,59.2353,163.0719,36.14,93,85,6.17,1621211368
475,artyk,RU,,,,,,,
476,lerwick,GB,60.1545,-1.1494,42.8,93,78,6.91,1621211369
477,bengkulu,ID,-3.8004,102.2655,77,89,100,3.62,1621211369
478,codrington,AG,,,,,,,
479,denpasar,ID,-8.65,115.2167,80.6,89,40,14.97,1621211109
480,fortuna foothills,US,32.6578,-114.4119,88,15,1,14.97,1621211370
481,mashhad,IR,36.297,59.6062,60.8,36,0,4.61,1621211370
482,changying,CN,52.8733,123.3213,45.54,39,23,11.5,1621211371
483,phan thiet,VN,10.9333,108.1,81.99,82,84,4.76,1621211334
484,fort nelson,CA,58.8053,-122.7002,44.6,93,75,8.05,1621211372
485,lakes entrance,AU,-37.8811,147.981,57,70,88,3,1621211372
486,mineral wells,US,32.8085,-98.1128,75.99,73,20,16.11,1621211372
487,ape,LV,57.5393,26.6929,51.76,95,33,6.98,1621211373
488,teknaf,BD,20.8624,92.3058,81.75,86,64,5.75,1621211373
489,maryborough,AU,-25.5333,152.7,67.91,48,0,4.72,1621211374
490,bani walid,LY,31.7566,13.9942,68.61,27,44,5.55,1621211374
491,xichang,CN,27.8964,102.2634,65.66,66,99,3.24,1621211374
492,inhambane,MZ,-23.865,35.3833,69.33,79,1,8.93,1621211375
493,toppenish,US,46.3774,-120.3087,90,20,3,4.92,1621211375
494,clinton,US,42.587,-82.9199,66.99,52,75,4.61,1621211324
495,gao,ML,16.6362,1.637,92.91,8,6,7.07,1621211376
496,poltavka,RU,54.3663,71.7632,65.41,61,58,6.4,1621211377
497,illela,NE,14.4605,5.2437,95,10,0,6.91,1621211377
498,san cosme y damian,PY,-27.3167,-56.35,68,77,0,2.3,1621211377
499,gambela,ET,8.25,34.5833,73.26,80,91,3.2,1621211378
500,poptun,GT,16.3311,-89.4169,75.87,74,100,7.36,1621211378
501,vacaville,US,38.3566,-121.9877,71.01,46,1,29.93,1621211439
502,ercis,TR,39.0287,43.3586,66.2,22,40,13.8,1621211439
503,kotar,IN,24.7167,80.9833,94.01,31,58,6.06,1621211440
504,tres arroyos,AR,-38.3739,-60.2798,48.54,87,0,4.5,1621211440
505,basqal,AZ,40.7552,48.391,55.72,39,44,6.73,1621211441
506,ponazyrevo,RU,58.3578,46.3142,54.88,93,0,4.76,1621211441
507,samandag,TR,36.0842,35.9771,66.2,88,0,16.11,1621211441
508,khandyga,RU,62.6667,135.6,50.88,58,100,2.35,1621211442
509,sorvag,FO,,,,,,,
510,verkhoyansk,RU,67.5447,133.385,54.07,39,0,6.02,1621211442
511,chitrakonda,IN,18.1167,82.0833,78.78,77,93,2.73,1621211443
512,penticton,CA,49.4806,-119.5858,82.99,23,75,8.05,1621211443
513,puerto narino,CO,-3.7703,-70.3831,71.6,100,90,4.61,1621211444
514,plettenberg bay,ZA,-34.0527,23.3716,53.6,77,6,8.14,1621211444
515,waingapu,ID,-9.6567,120.2641,81.7,66,41,14.18,1621211445
516,luang prabang,LA,19.8856,102.1347,75.2,94,20,0.78,1621211445
517,hatillo de loba,CO,8.9564,-74.0782,78.76,87,100,4.54,1621211445
518,darab,IR,28.7519,54.5444,73.8,24,0,3.56,1621211446
519,iisalmi,FI,63.5592,27.1907,51.8,100,94,2.3,1621211446
520,fortuna,US,40.5982,-124.1573,53.01,100,90,12.66,1621211447
521,chokwe,MZ,-24.5333,32.9833,70.21,87,8,10.2,1621211447
522,hobyo,SO,5.3505,48.5268,80.24,82,100,22.57,1621211447
523,srednekolymsk,RU,67.45,153.6833,37.4,88,46,7.56,1621211448
524,cangucu,BR,-31.395,-52.6756,51.01,92,94,1.34,1621211448
525,toliary,MG,,,,,,,
526,buin,PG,,,,,,,
527,nichinan,JP,31.6,131.3667,82.4,74,75,2.3,1621211449
528,kloulklubed,PW,7.0419,134.2556,80.74,84,100,17.96,1621211450
529,ternate,ID,0.8,127.4,84.16,71,96,1.86,1621211450
530,troitsko-pechorsk,RU,62.7084,56.1964,57.74,87,7,7.07,1621211450
531,eureka,US,40.8021,-124.1637,53.01,87,90,6.91,1621211451
532,opuwo,NA,-18.0607,13.84,60.62,40,57,0.67,1621211451
533,lehigh acres,US,26.6254,-81.6248,78.8,53,1,14.97,1621211452
534,dalianwan,CN,39.0286,121.695,69.8,40,0,8.95,1621211452
535,lavrentiya,RU,65.5833,-171,32.02,80,93,1.32,1621211453
536,sedelnikovo,RU,,,,,,,
537,cantaura,VE,9.3057,-64.3584,82.2,50,82,12.66,1621211453
538,krasnoselkup,RU,65.7,82.4667,29.7,60,6,5.5,1621211454
539,cloquet,US,46.7216,-92.4594,71.01,30,1,9.22,1621211454
540,north bend,US,43.4065,-124.2243,55,87,90,17.27,1621211455
541,port macquarie,AU,-31.4333,152.9167,63,43,0,1.01,1621211455
542,geresk,AF,,,,,,,
543,pouebo,NC,-20.4,164.5667,80.01,70,64,7.74,1621211456
544,dicabisagan,PH,17.0818,122.4157,86.95,66,9,6.02,1621211456
545,alpena,US,45.0617,-83.4327,57.2,62,1,5.75,1621211158
546,uruzgan,AF,32.8333,66,63.03,26,0,2.53,1621211457
547,diu,IN,20.7141,70.9822,86.32,59,100,28.88,1621211289
548,thayetmyo,MM,19.3167,95.1833,90.34,53,15,4.47,1621211457
549,raga,SD,,,,,,,
550,general pico,AR,-35.6566,-63.7568,53.71,72,100,3.2,1621211458
551,brae,GB,60.3964,-1.353,42.8,93,96,6.91,1621211458
552,morristown,US,36.214,-83.2949,66.2,68,90,4.61,1621211459
553,kirensk,RU,57.7853,108.1119,38.98,34,9,6.11,1621211459
554,horsham,AU,-36.7167,142.2,54.64,76,100,4.32,1621211460
555,colares,PT,38.7992,-9.4469,60.01,81,43,14.52,1621211460
556,woodstock,CA,43.1334,-80.7497,66.2,34,23,3.44,1621211414
557,atar,MR,20.5169,-13.0499,85.59,17,92,6.58,1621211521
558,portland,AU,-38.3333,141.6,57.61,67,17,5.26,1621211521
559,san jeronimo,MX,29.3707,-110.79,89.01,13,0,10,1621211522
560,bambanglipuro,ID,-7.95,110.2833,80.62,77,100,7.67,1621211522
561,carahue,CL,-38.7,-73.1667,42.8,100,100,1.14,1621211523
562,jinchengjiang,CN,,,,,,,
563,igrim,RU,63.1906,64.4162,51.28,84,97,5.44,1621211523
564,golkoy,TR,40.6875,37.6178,60.8,88,75,6.91,1621211524
565,sal rei,CV,16.1833,-22.9167,69.8,83,40,11.5,1621211524
566,belaya gora,RU,68.5333,146.4167,37.08,77,100,11.36,1621211525
567,indiana,US,40.0003,-86.2503,69.8,52,90,3.44,1621211525
568,innisfail,AU,-17.5333,146.0333,72.82,66,100,10.13,1621211525
569,langsa,ID,4.4683,97.9683,80.94,80,95,2.66,1621211526
570,mattru,SL,7.6244,-11.8332,74.62,97,100,0.58,1621211526
571,bata,GQ,1.8639,9.7658,77,100,20,2.55,1621211527
572,grand gaube,MU,-20.0064,57.6608,75.99,73,55,8.01,1621211527
573,odzaci,RS,45.5067,19.2611,53.6,94,0,4.61,1621211528
574,jiaocheng,CN,24.6774,116.1389,85.6,67,92,3.18,1621211528
575,hami,CN,42.8,93.45,70.77,24,96,1.72,1621211528
576,bad hofgastein,AT,47.1667,13.1,46,94,100,3,1621211529
577,itarema,BR,-2.9248,-39.9167,76.28,78,58,8.16,1621211529
578,gayeri,BF,12.6497,0.4931,92.98,29,100,8.68,1621211530
579,buochs,CH,46.974,8.4228,48.2,87,75,4.61,1621211530
580,high level,CA,58.5169,-117.136,53.6,71,90,5.75,1621211530
581,gamba,GA,-2.65,10,77.63,87,100,2.24,1621211531
582,los llanos de aridane,ES,28.6585,-17.9182,68,83,75,13.8,1621211531
583,lata,SB,,,,,,,
